URL,Last crawled
https://rodenlaw.com/attorneys/leah-crane/,2026-04-24
https://rodenlaw.com/blog/charleston-port-drayage-truck-accidents/,2026-04-23
https://rodenlaw.com/blog-pedestrian-liability-for-car-accidents/,2026-04-23
https://rodenlaw.com/free-case-review/,2026-04-23
https://rodenlaw.com/workers-compensation-lawyers/,2026-04-22
https://rodenlaw.com/burn-injury-lawyers/,2026-04-22
https://rodenlaw.com/product-liability-lawyers/,2026-04-22
https://rodenlaw.com/slip-and-fall-lawyers/,2026-04-22
https://rodenlaw.com/wrongful-death-lawyers/,2026-04-22
https://rodenlaw.com/blog-understanding-vicarious-liability/,2026-04-22
https://rodenlaw.com/car-accident-lawyers/rideshare-accident/,2026-04-22
https://rodenlaw.com/practice-areas/albany/medical-malpractice-attorney/,2026-04-21
https://rodenlaw.com/practice-areas/macon/maritime-lawyers/,2026-04-21
https://rodenlaw.com/testimonial/dante-williams-dante/,2026-04-21
https://rodenlaw.com/practice-areas/maritime-lawyers/,2026-04-21
https://rodenlaw.com/blog/blog-atm-attack-liability/,2026-04-21
https://rodenlaw.com/practice-areas/savannah/spinal-cord-injury-lawyers/,2026-04-21
https://rodenlaw.com/savannah/brain-injury-lawyers,2026-04-21
https://rodenlaw.com/tag/savannah/,2026-04-20
https://rodenlaw.com/practice-areas/savannah/car-accident-lawyers/bus-accidents/,2026-04-20
https://rodenlaw.com/practice-areas/savannah/dog-bite-lawyers/,2026-04-20
https://rodenlaw.com/blog-aggressive-driving-in-georgia/,2026-04-20
https://rodenlaw.com/blog/how-is-pain-and-suffering-calculated-after-an-accident/,2026-04-20
https://rodenlaw.com/blog-car-insurance-claim-denial-tactics/,2026-04-20
https://rodenlaw.com/case-result/120000-settlement-truck-accidents/,2026-04-19
https://rodenlaw.com/practice-areas/charleston/dog-bite-lawyers/,2026-04-19
https://rodenlaw.com/blog/free-consultation-with-charleston-personal-injury-lawyer/,2026-04-19
https://rodenlaw.com/blog/blog-filing-soft-tissue-injury-claims-in-charleston/,2026-04-19
https://rodenlaw.com/blog/blog-pedestrian-liability-for-car-accidents/,2026-04-18
https://rodenlaw.com/staff/megan-socha/,2026-04-18
https://rodenlaw.com/practice-areas/charleston/wrongful-death-lawyers/,2026-04-18
https://rodenlaw.com/can-a-witness-be-forced-to-testify-for-a-savannah-car-crash-case/,2026-04-18
https://rodenlaw.com/blog/blog-claims-for-lost-wages/,2026-04-18
https://rodenlaw.com/blog/blog-liability-in-a-driverless-car-crash/,2026-04-18
https://rodenlaw.com/blog/blog-liens-and-your-personal-injury-claims/,2026-04-18
https://rodenlaw.com/blog/blog-what-happens-to-workers-comp-if-employer-bankrupts/,2026-04-18
https://rodenlaw.com/blog/blog-duty-of-care-personal-injury-claim/,2026-04-18
https://rodenlaw.com/blog/blog-hospital-liability-for-medical-malpractice/,2026-04-17
https://rodenlaw.com/case-result/250000-settlement-auto-accident-3/,2026-04-17
https://rodenlaw.com/practice-areas/nursing-home-abuse-attorneys/,2026-04-17
https://rodenlaw.com/blog/highway-hypnosis-what-it-is-why-it-is-a-crash-risk/,2026-04-17
https://rodenlaw.com/practice-areas/charleston/,2026-04-17
https://rodenlaw.com/south-carolina-pedestrian-right-of-way-laws/,2026-04-17
https://rodenlaw.com/case-result/100000-recovery-workers-compensation-2/,2026-04-17
https://rodenlaw.com/case-result/600000-settlement-truck-accidents/,2026-04-17
https://rodenlaw.com/who-we-are/attorneys/zach-stohr/,2026-04-17
https://rodenlaw.com/blog/blog-demand-letters-in-personal-injury-cases/,2026-04-17
https://rodenlaw.com/blog-liability-for-crashes-in-heavy-rainfall/,2026-04-17
https://rodenlaw.com/blog-2017-safest-college-campuses-in-georgia/,2026-04-17
https://rodenlaw.com/case-result/125000-settlement-auto-accident/,2026-04-17
https://rodenlaw.com/case-result/162500-settlement-truck-accidents/,2026-04-17
https://rodenlaw.com/practice-areas/albany/nursing-home-abuse-lawyers/,2026-04-16
https://rodenlaw.com/blog-paying-medical-bills-during-a-claim/,2026-04-16
https://rodenlaw.com/blog/blog-fault-for-car-accident/,2026-04-16
https://rodenlaw.com/who-we-are/attorneys/ivy-montano/,2026-04-16
https://rodenlaw.com/proving-back-pain-after-savannah-car-crash/,2026-04-16
https://rodenlaw.com/practice-areas/savannah/medical-malpractice-attorneys/surgical-errors/,2026-04-16
https://rodenlaw.com/blog-fault-for-car-accident/,2026-04-16
https://rodenlaw.com/blog-compensation-while-not-wearing-seat-belt/,2026-04-16
https://rodenlaw.com/blog/blog-options-for-recovering-more-than-policy-limits/,2026-04-16
https://rodenlaw.com/staff/dyanna-velez/,2026-04-16
https://rodenlaw.com/blog-refusing-opioid-prescription-in-workers-comp-claim/,2026-04-15
https://rodenlaw.com/blog-how-car-insurers-use-private-investigators/,2026-04-15
https://rodenlaw.com/practice-areas/savannah/medical-malpractice-attorneys/orthopedic-injury/,2026-04-15
https://rodenlaw.com/blog/blog-after-boat-accident-guide/,2026-04-15
https://rodenlaw.com/blog/blog-liability-for-crashes-caused-by-teen-drivers/,2026-04-15
https://rodenlaw.com/how-to-spot-distracted-drivers-ten-signs-savannah-ga/,2026-04-15
https://rodenlaw.com/blog/blog-supporting-a-whiplash-claim/,2026-04-15
https://rodenlaw.com/blog/blog-liability-for-sudden-emergency-accidents/,2026-04-15
https://rodenlaw.com/practice-areas/general/,2026-04-15
https://rodenlaw.com/tag/leg-pain/,2026-04-15
https://rodenlaw.com/blog-atm-attack-liability/,2026-04-15
http://rodenlaw.com/,2026-04-15
https://rodenlaw.com/practice-areas/savannah/car-accident-lawyers/bike-accidents/,2026-04-15
https://rodenlaw.com/practice-areas/macon/dog-bite-lawyers/,2026-04-14
https://rodenlaw.com/blog-liability-in-a-driverless-car-crash/,2026-04-14
https://rodenlaw.com/who-we-are/attorneys/,2026-04-14
https://rodenlaw.com/blog/blog-aggressive-driving-in-georgia/,2026-04-14
https://rodenlaw.com/blog-third-party-fault-for-work-injuries/,2026-04-14
https://rodenlaw.com/tag/hip-pain/,2026-04-14
https://rodenlaw.com/blog-supporting-a-whiplash-claim/,2026-04-13
https://www.rodenlaw.com/,2026-04-13
https://rodenlaw.com/tag/treatment-option/,2026-04-13
https://rodenlaw.com/tag/fractures/,2026-04-13
https://rodenlaw.com/blog/what-are-the-benefits-of-workers-compensation-claims/,2026-04-13
https://rodenlaw.com/staff/amsi-raudales/,2026-04-13
https://rodenlaw.com/blog/blog-how-spinal-cord-injuries-affect-you/,2026-04-13
https://rodenlaw.com/blog/blog-workers-compensation-claim-process-georgia/,2026-04-13
https://rodenlaw.com/blog-do-you-need-a-workers-compensation-lawyer/,2026-04-13
https://rodenlaw.com/tag/highway-hypnosis/,2026-04-13
https://rodenlaw.com/tag/car-accidents-in-savannah/,2026-04-13
https://rodenlaw.com/blog/your-step-by-step-guide-after-a-car-accident-in-columbia-sc/,2026-04-13
https://rodenlaw.com/blog/blog-liability-waivers-and-injury-lawsuits/,2026-04-13
https://rodenlaw.com/what-to-do-after-a-car-crash-on-savannah-highway/,2026-04-13
https://rodenlaw.com/blog-personal-injury-lawsuit-vs-insurance-claim/,2026-04-13
https://rodenlaw.com/blog-dangerous-products-child-will-find-around-house/,2026-04-13
https://rodenlaw.com/blog/blog-reasons-for-workers-comp-claim-denial/,2026-04-13
https://rodenlaw.com/blog/blog-police-report-as-proof-of-liability/,2026-04-13
https://rodenlaw.com/blog-what-are-the-upsides-of-filing-a-personal-injury-lawsuit/,2026-04-13
https://rodenlaw.com/blog/blog-car-accident-claim-evidence/,2026-04-13
https://rodenlaw.com/blog/blog-valuing-compensation-for-a-personal-injury/,2026-04-13
https://rodenlaw.com/blog/blog-when-does-a-sprained-ankle-become-a-work-injury/,2026-04-13
https://rodenlaw.com/blog-steps-after-truck-accident/,2026-04-13
https://rodenlaw.com/blog-understanding-eye-injuries-after-a-savannah-car-accident/,2026-04-13
https://rodenlaw.com/tag/amnesia-after-a-car-accident/,2026-04-13
https://rodenlaw.com/filing-an-emotional-distress-claim-after-a-ravenel-bridge-accident/,2026-04-13
https://rodenlaw.com/blog-how-covid-19-affects-a-workers-comp-claim/,2026-04-13
https://rodenlaw.com/blog-shoulder-injuries-after-charleston-car-crash/,2026-04-13
https://rodenlaw.com/tag/alcohol-effects/,2026-04-13
https://rodenlaw.com/blog-avoid-dangerous-medication-errors/,2026-04-13
https://rodenlaw.com/blog/blog-why-is-workers-compensation-so-important-to-have/,2026-04-13
https://rodenlaw.com/compensation-for-car-crash-facial-injuries-charleston/,2026-04-13
https://rodenlaw.com/practice-areas/savannah/car-accident-lawyers/,2026-04-13
https://rodenlaw.com/blog-hospital-liability-for-medical-malpractice/,2026-04-13
https://rodenlaw.com/blog/blog-burn-injury-workers-compensation/,2026-04-13
https://rodenlaw.com/blog-lawsuit-for-work-injury/,2026-04-13
https://rodenlaw.com/blog/blog-leg-pain-and-leg-injuries-from-crash/,2026-04-13
https://rodenlaw.com/case-result/325000-resolution-auto-accident/,2026-04-13
https://rodenlaw.com/practice-areas/albany/car-accident-lawyers/,2026-04-13
https://rodenlaw.com/practice-areas/medical-malpractice-attorneys/,2026-04-13
https://rodenlaw.com/class-action-lawyers/dangerous-drugs/uloric-lawsuit/,2026-04-13
https://rodenlaw.com/hip-pain-after-car-accident-in-savannah/,2026-04-12
https://rodenlaw.com/blog/i-was-in-a-car-accident-should-i-pursue-a-personal-injury-claim/,2026-04-12
https://rodenlaw.com/blog-liability-for-school-bus-crash/,2026-04-12
https://rodenlaw.com/your-guide-to-documenting-a-james-island-parkway-car-accident/,2026-04-12
https://rodenlaw.com/blog-steps-after-dog-bite/,2026-04-12
https://rodenlaw.com/blog/blog-insurance-company-ignoring-demand-letter/,2026-04-12
https://rodenlaw.com/tag/knee-bursitis/,2026-04-12
https://rodenlaw.com/blog/blog-teenagers-and-driving-distracted/,2026-04-12
https://rodenlaw.com/blog/blog-safe-bike-riding-georgias-roadways/,2026-04-12
https://rodenlaw.com/blog-how-can-an-attorney-help-with-my-car-accident-claim/,2026-04-12
https://rodenlaw.com/how-to-maximize-your-car-accident-compensation-in-south-carolina/,2026-04-12
https://rodenlaw.com/blog/blog-releasing-medical-records/,2026-04-12
https://rodenlaw.com/staff/logan-wiggins/,2026-04-12
https://rodenlaw.com/blog/liability-for-backing-up-crashes-in-charleston/,2026-04-12
https://rodenlaw.com/blog/blog-dealing-with-uber-lyft-accident/,2026-04-12
https://rodenlaw.com/case-result/1550000-settlement-auto-accident/,2026-04-12
https://rodenlaw.com/a-guide-to-car-wrecks-on-aviation-avenue-near-charleston-airport/,2026-04-12
https://rodenlaw.com/blog/blog-understanding-vicarious-liability/,2026-04-11
https://rodenlaw.com/blog/blunt-force-trauma-after-savannah-car-crash/,2026-04-11
https://rodenlaw.com/tag/georgia-car-crash/,2026-04-11
https://rodenlaw.com/tag/unexpected-emergency-calls/,2026-04-11
https://rodenlaw.com/who-we-are/attorneys/tyler-love/,2026-04-11
https://rodenlaw.com/blog/sapelo-island-ferry-dock-collapse-causing-fatality-and-serious-injuries/,2026-04-11
https://rodenlaw.com/practice-areas/savannah/nursing-home-abuse-attorneys/,2026-04-11
http://www.rodenlaw.com/,2026-04-11
https://rodenlaw.com/who-we-are/attorneys/eric-roden/,2026-04-11
https://rodenlaw.com/case-result/130000-settlement-workers-compensation/,2026-04-11
https://rodenlaw.com/case-result/3000000-settlement-auto-accident/,2026-04-11
https://rodenlaw.com/tag/knee-injuries-after-car-accident/,2026-04-11
https://rodenlaw.com/how-delayed-injuries-could-impact-your-charleston-car-crash-claim/,2026-04-11
https://rodenlaw.com/a-drivers-guide-to-wildlife-accidents-near-charleston/,2026-04-11
https://rodenlaw.com/practice-areas/savannah/medical-malpractice-attorneys/hospital-negligence/,2026-04-11
https://rodenlaw.com/practice-areas/savannah/medical-malpractice-attorneys/medication-errors/,2026-04-11
https://rodenlaw.com/blog-brain-injury-claim/,2026-04-11
https://rodenlaw.com/blog-appealing-a-denied-workers-compensation-claim/,2026-04-11
https://rodenlaw.com/case-result/100000-policy-limits-auto-accident/,2026-04-11
https://rodenlaw.com/blog/blog-impact-of-surgery-recommendation/,2026-04-11
https://rodenlaw.com/case-result/150000-recovery-auto-accident/,2026-04-11
https://rodenlaw.com/case-result/172000-settlement-workers-compensation/,2026-04-11
https://rodenlaw.com/case-result/465000-recovery-truck-accidents/,2026-04-11
https://rodenlaw.com/blog/blog-personal-injury-calculating-loss-of-earning-capacity/,2026-04-11
https://rodenlaw.com/recovering-lost-wages-after-a-truck-accident-on-i-526/,2026-04-10
https://rodenlaw.com/blog/blog-2017-safest-college-campuses-in-georgia/,2026-04-10
https://rodenlaw.com/case-result/275000-recovery-auto-accident-2/,2026-04-10
https://rodenlaw.com/blog-traffic-tickets-and-car-accident-claims/,2026-04-10
https://rodenlaw.com/charleston/personal-injury-lawyer/,2026-04-10
https://rodenlaw.com/blog-leg-pain-and-leg-injuries-from-crash/,2026-04-10
https://www.rodenlaw.com/blog/drunk-pedestrian-injury-claims/,2026-04-10
https://rodenlaw.com/blog/charleston-car-crash-facial-injuries/,2026-04-10
https://rodenlaw.com/staff/marina-baldwin/,2026-04-10
https://rodenlaw.com/blog-documents-for-personal-injury-claim/,2026-04-10
https://rodenlaw.com/tag/taking-cash-for-crash-damages/,2026-04-10
https://rodenlaw.com/case-result/250000-settlement-auto-accident-2/,2026-04-10
https://rodenlaw.com/blog/blog-trucking-regulations-and-accident-cases/,2026-04-10
https://rodenlaw.com/case-result/100000-resolution-auto-accident-4/,2026-04-10
https://rodenlaw.com/blog/can-passengers-be-at-fault-for-a-savannah-crash/,2026-04-10
https://rodenlaw.com/blog-options-for-recovering-more-than-policy-limits/,2026-04-10
https://rodenlaw.com/blog-workers-compensation-claim-process-georgia/,2026-04-10
https://rodenlaw.com/protecting-your-rights-after-a-myrtle-beach-car-accident/,2026-04-10
https://rodenlaw.com/practice-areas/albany/truck-accident-lawyers/,2026-04-10
https://rodenlaw.com/blog/blog-valid-premises-liability-claim-georgia/,2026-04-10
https://rodenlaw.com/tag/instability/,2026-04-10
https://rodenlaw.com/practice-areas/savannah/slip-and-fall-attorneys/,2026-04-10
https://rodenlaw.com/construction-accident-lawyers/,2026-04-10
https://rodenlaw.com/tag/georgia-law-on-witness-testimony/,2026-04-10
https://rodenlaw.com/tag/weakness/,2026-04-10
https://rodenlaw.com/blog/blog-when-to-consider-settling-a-claim/,2026-04-10
https://rodenlaw.com/blog/blog-steps-after-hit-and-run-accident/,2026-04-10
https://rodenlaw.com/tag/savannah-crash-claims/,2026-04-10
https://rodenlaw.com/tag/run-red-light/,2026-04-10
https://rodenlaw.com/blog-overview-georgia-distracted-driving-laws/,2026-04-10
https://rodenlaw.com/case-result/1250000-settlement-wrongful-death/,2026-04-10
https://rodenlaw.com/blog-determining-fault-in-multi-vehicle-accidents/,2026-04-10
https://rodenlaw.com/tag/head-injuries-after-a-car-crash/,2026-04-10
https://rodenlaw.com/blog/highway-road-shoulder-accidents-in-charleston/,2026-04-10
https://rodenlaw.com/blog-lane-change-accident-liability/,2026-04-10
https://rodenlaw.com/blog/myrtle-beach-golf-cart-laws/,2026-04-10
https://rodenlaw.com/blog/blog-independent-medical-exams/,2026-04-10
https://rodenlaw.com/tag/breach-of-duty/,2026-04-10
https://rodenlaw.com/blog-why-should-i-hire-an-accident-lawyer-after-an-accident/,2026-04-10
https://rodenlaw.com/blog-why-is-having-a-personal-injury-lawyer-important/,2026-04-10
https://rodenlaw.com/blog/blog-liability-for-crashes-in-heavy-rainfall/,2026-04-10
https://rodenlaw.com/blog/blog-resolving-claims-through-arbitration/,2026-04-10
https://rodenlaw.com/blog-gym-injury-liability/,2026-04-10
https://rodenlaw.com/blog/blog-rear-end-collision-liability/,2026-04-10
https://rodenlaw.com/blog/blog-how-car-insurers-use-private-investigators/,2026-04-10
https://rodenlaw.com/blog-advantages-of-a-medical-malpractice-attorney/,2026-04-10
https://rodenlaw.com/dangers-of-emotional-driving-in-savannah-ga/,2026-04-10
https://rodenlaw.com/case-result/400000-settlement-auto-accident-2/,2026-04-10
https://rodenlaw.com/blog/blog-letters-of-protection-for-injury-victims/,2026-04-10
https://rodenlaw.com/blog/blog-compensation-while-not-wearing-seat-belt/,2026-04-10
https://rodenlaw.com/blog-letters-of-protection-for-injury-victims/,2026-04-10
https://rodenlaw.com/blog/blog-switching-lawyers-during-a-case/,2026-04-10
https://rodenlaw.com/blog-claims-for-lost-wages/,2026-04-10
https://rodenlaw.com/blog/blog-filing-a-claim-for-an-injured-minor/,2026-04-10
https://rodenlaw.com/blog/blog-slip-and-fall-negligence-elements/,2026-04-10
https://rodenlaw.com/blog-switching-lawyers-during-a-case/,2026-04-10
https://rodenlaw.com/tag/prescription-medication/,2026-04-10
https://rodenlaw.com/blog/a-practical-guide-after-a-truck-accident-in-downtown-columbia/,2026-04-10
https://rodenlaw.com/blog/blog-i-was-in-a-car-accident-should-i-pursue-a-personal-injury-claim/,2026-04-10
https://rodenlaw.com/tag/slip-and-fall-victims-mistakes/,2026-04-10
https://rodenlaw.com/blog/blog-damage-coverage-for-stolen-car/,2026-04-10
https://rodenlaw.com/blog/blog-certification-of-permanent-injury/,2026-04-10
https://rodenlaw.com/tag/liable-party/,2026-04-10
https://rodenlaw.com/what-to-do-after-a-hit-and-run-in-downtown-charleston/,2026-04-10
https://rodenlaw.com/blog-the-role-of-vocational-rehabilitation-in-workers-compensation-cases/,2026-04-10
https://rodenlaw.com/blog/blog-work-zone-car-accident-liability/,2026-04-10
https://rodenlaw.com/blog/blog-truck-accident-injuries/,2026-04-10
https://rodenlaw.com/blog/blog-gym-injury-liability/,2026-04-10
https://rodenlaw.com/blog/blog-child-passenger-automobile-safety-georgia/,2026-04-10
https://rodenlaw.com/why-car-crashes-happen-close-to-home-charleston/,2026-04-10
https://rodenlaw.com/blog/car-accidents-on-coleman-boulevard/,2026-04-10
https://rodenlaw.com/blog-driving-record-and-injury-claim/,2026-04-10
https://rodenlaw.com/blog/blog-continuing-post-accident-medical-treatment/,2026-04-10
https://rodenlaw.com/johns-island-accidents-no-hospital-emergency-room/,2026-04-10
https://rodenlaw.com/blog/blog-third-party-fault-for-work-injuries/,2026-04-10
https://rodenlaw.com/locations/south-carolina/charleston/ladson/,2026-04-10
https://rodenlaw.com/blog/blog-sapelo-island-ferry-dock-collapse-causing-fatality-and-serious-injuries/,2026-04-10
https://rodenlaw.com/blog/blog-car-insurance-add-ons/,2026-04-10
https://rodenlaw.com/what-to-do-if-your-georgia-police-report-is-wrong-or-has-mistakes/,2026-04-10
https://rodenlaw.com/blog-deposition-in-a-personal-injury-claim/,2026-04-10
https://rodenlaw.com/locations/south-carolina/charleston/north-charleston/,2026-04-10
https://rodenlaw.com/why-driving-while-hungover-is-a-dangerous-savannah-crash-risk/,2026-04-10
https://rodenlaw.com/blog/blog-follow-doctors-orders-after-accident/,2026-04-10
https://rodenlaw.com/contact-us/,2026-04-10
https://rodenlaw.com/tag/ruptured-tendons/,2026-04-09
https://rodenlaw.com/tag/loud-music/,2026-04-09
https://rodenlaw.com/savannah/,2026-04-09
https://rodenlaw.com/blog-resolving-claims-through-arbitration/,2026-04-09
https://rodenlaw.com/blog/blog-options-for-denied-injury-claims/,2026-04-09
https://rodenlaw.com/tag/eye-damage/,2026-04-09
https://rodenlaw.com/blog/blog-choking-at-nursing-homes/,2026-04-09
https://rodenlaw.com/shem-creek-boating-dock-injuries-mount-pleasant/,2026-04-09
https://rodenlaw.com/blog/blog-dangerous-tools-garage/,2026-04-09
https://rodenlaw.com/tag/delayed-symptoms/,2026-04-09
https://rodenlaw.com/blog/blog-first-steps-in-a-medical-malpractice-case/,2026-04-09
https://rodenlaw.com/blog-passenger-car-accident-claim/,2026-04-09
https://rodenlaw.com/tag/if-a-witness-refuses-to-cooperate/,2026-04-09
https://rodenlaw.com/a-step-by-step-guide-for-folly-road-car-accidents/,2026-04-09
https://rodenlaw.com/blog/blog-deposition-in-a-personal-injury-claim/,2026-04-09
https://rodenlaw.com/blog/blog-steps-of-a-burn-injury-case/,2026-04-09
https://rodenlaw.com/blog-benefit-of-a-personal-injury-pain-diary/,2026-04-09
https://rodenlaw.com/brunswick/,2026-04-09
https://rodenlaw.com/blog/blog-common-driver-distractions/,2026-04-09
https://rodenlaw.com/blog-reasons-for-workers-comp-claim-denial/,2026-04-09
https://rodenlaw.com/blog-choking-at-nursing-homes/,2026-04-09
https://rodenlaw.com/blog/blog-recovering-damages-with-pre-existing-injuries/,2026-04-09
https://rodenlaw.com/locations/south-carolina/charleston/north-charleston/northwoods/,2026-04-09
https://rodenlaw.com/blog-common-workplace-injuries-georgia/,2026-04-09
https://rodenlaw.com/tag/leg-lacerations/,2026-04-09
https://rodenlaw.com/macon/maritime-lawyers/,2026-04-09
https://rodenlaw.com/class-action-category/defective-products/,2026-04-09
https://rodenlaw.com/tag/worn-out-tires/,2026-04-09
https://rodenlaw.com/determining-fault-in-a-charleston-golf-cart-accident/,2026-04-09
https://rodenlaw.com/blog/blog-what-is-the-role-of-a-personal-injury-lawyer-in-a-case/,2026-04-09
https://rodenlaw.com/blog/blog-when-does-workers-compensation-stop-paying/,2026-04-09
https://rodenlaw.com/case-result/100000-resolution-auto-accident-6/,2026-04-09
https://rodenlaw.com/tag/georgia-car-accident/,2026-04-09
https://rodenlaw.com/blog-safety-tips-driving-work-zones-georgia/,2026-04-09
https://rodenlaw.com/blog-summer-driving-safety-tips/,2026-04-09
https://rodenlaw.com/tag/red-light-crashes/,2026-04-09
https://rodenlaw.com/blog/blog-benefits-of-an-accident-reconstruction-expert/,2026-04-09
https://rodenlaw.com/blog-choosing-your-personal-injury-lawyer/,2026-04-09
https://rodenlaw.com/tag/georgia-car-crashes/,2026-04-09
https://rodenlaw.com/blog/blog-how-do-i-know-if-i-have-a-medical-malpractice-case/,2026-04-09
https://rodenlaw.com/blog-get-auto-accident-claim-georgia/,2026-04-09
https://rodenlaw.com/tag/legal-advice/,2026-04-09
https://rodenlaw.com/blog/blog-workers-compensation-car-accident/,2026-04-09
https://rodenlaw.com/charleston-delivery-truck-pedestrian-cyclist-accidents/,2026-04-09
https://rodenlaw.com/blog/blog-personal-injury-lawsuit-vs-insurance-claim/,2026-04-09
https://rodenlaw.com/blog/blog-college-campus-safety-tips-every-student-should-know/,2026-04-09
https://rodenlaw.com/blog/blog-georgia-law-on-steps-after-car-accident/,2026-04-09
https://rodenlaw.com/blog-pedestrian-safety-georgia/,2026-04-09
https://rodenlaw.com/blog/blog-accident-my-fault-can-i-receive-workers-comp/,2026-04-09
https://rodenlaw.com/blog-beginning-motorcycle-biker-risks/,2026-04-09
https://rodenlaw.com/blog/blog-appealing-a-denied-workers-compensation-claim/,2026-04-09
https://rodenlaw.com/tag/leg-pain-from-savannah-car-accident/,2026-04-09
https://rodenlaw.com/can-passengers-be-at-fault-for-a-crash/,2026-04-09
https://rodenlaw.com/tag/car-crash-back-pain/,2026-04-09
https://rodenlaw.com/tag/broken-bones/,2026-04-09
https://rodenlaw.com/blog-longshoreman-injury-claims/,2026-04-09
https://rodenlaw.com/case-result/318000-settlement-truck-accident/,2026-04-09
https://rodenlaw.com/charleston-parking-lot-parking-garage-accident/,2026-04-09
https://rodenlaw.com/blog/blog-is-workers-compensation-an-employee-benefit/,2026-04-09
https://rodenlaw.com/staff/stephanie-aguirre/,2026-04-09
https://rodenlaw.com/tag/fractured-patella/,2026-04-09
https://rodenlaw.com/blog/blog-5-most-common-types-of-medical-malpractice-in-2023/,2026-04-09
https://rodenlaw.com/blog/blog-using-dashcams-as-evidence-of-fault-in-a-car-accident/,2026-04-09
https://rodenlaw.com/blog/blog-advantages-of-a-medical-malpractice-attorney/,2026-04-09
https://rodenlaw.com/blog-choosing-the-right-nursing-home-for-your-loved-one/,2026-04-09
https://rodenlaw.com/what-to-do-after-a-truck-accident-on-i-526-in-charleston/,2026-04-09
https://rodenlaw.com/blog/blog-safest-hospitals-georgia/,2026-04-09
https://rodenlaw.com/tag/your-duty-to-mitigate-damages/,2026-04-09
https://rodenlaw.com/blog/blog-overview-georgia-distracted-driving-laws/,2026-04-09
https://rodenlaw.com/blog/blog-benefits-for-workplace-violence/,2026-04-09
https://rodenlaw.com/tag/what-is-blunt-force-trauma/,2026-04-09
https://rodenlaw.com/locations/south-carolina/charleston/moncks-corner/,2026-04-09
https://rodenlaw.com/locations/south-carolina/charleston/north-charleston/ferndale/,2026-04-09
https://rodenlaw.com/i-26-i-526-truck-accidents-what-to-do-whos-liable/,2026-04-09
https://rodenlaw.com/blog/blog-what-are-the-benefits-of-workers-compensation-claims/,2026-04-09
https://rodenlaw.com/tag/determining-liability/,2026-04-09
https://rodenlaw.com/blog-third-party-liability-for-work-injury/,2026-04-09
https://rodenlaw.com/blog/blog-turkey-fryer-injury-claims/,2026-04-09
https://rodenlaw.com/blog-discovery-process-in-personal-injury-cases/,2026-04-09
https://rodenlaw.com/blog-5-most-common-types-of-medical-malpractice-in-2023/,2026-04-09
https://rodenlaw.com/blog/a-guide-to-car-accident-claims-at-columbias-toughest-intersections/,2026-04-09
https://rodenlaw.com/tag/dangerous-passenger-behaviro/,2026-04-09
https://rodenlaw.com/blog/blog-accident-claims-with-an-expired-license/,2026-04-09
https://rodenlaw.com/tag/memory-loss-after-car-accident/,2026-04-09
https://rodenlaw.com/locations/south-carolina/charleston/north-charleston/wescott-plantation/,2026-04-09
https://rodenlaw.com/accidents-near-musc-and-calhoun-street/,2026-04-09
https://rodenlaw.com/tag/blunt-force-trauma-to-the-head/,2026-04-09
https://rodenlaw.com/blog/blog-steps-to-take-if-you-are-involved-in-a-bicycle-hit-and-run/,2026-04-09
https://rodenlaw.com/tag/tire-blowout/,2026-04-09
https://rodenlaw.com/blog-valid-premises-liability-claim-georgia/,2026-04-09
https://rodenlaw.com/tag/dislocated-kneecap/,2026-04-09
https://rodenlaw.com/blog-financial-abuse-at-nursing-homes/,2026-04-09
https://rodenlaw.com/tag/fault-for-a-red-light-crash/,2026-04-09
https://rodenlaw.com/guide-after-a-car-accident-in-columbia-sc/,2026-04-09
https://rodenlaw.com/blog-demand-letters-in-personal-injury-cases/,2026-04-09
https://rodenlaw.com/locations/south-carolina/charleston/north-charleston/liberty-hill/,2026-04-09
https://rodenlaw.com/blog-start-personal-injury-claim-from-home/,2026-04-09
https://rodenlaw.com/blog/blog-liability-for-epilepsy-related-car-accidents/,2026-04-09
https://rodenlaw.com/tag/failing-to-report-a-crash/,2026-04-09
https://rodenlaw.com/practice-areas/brunswick/,2026-04-09
https://rodenlaw.com/blog-steps-after-work-injury/,2026-04-09
https://rodenlaw.com/tag/auto-accident-claim/,2026-04-09
https://rodenlaw.com/blog-drowsy-driving-epidemic-georgia/,2026-04-09
https://rodenlaw.com/blog-work-zone-car-accident-liability/,2026-04-09
https://rodenlaw.com/blog/blog-liability-and-causes-for-backing-up-crashes-in-charleston/,2026-04-09
https://rodenlaw.com/case-result/250000-settlement-premises-liability-2/,2026-04-09
https://rodenlaw.com/staff/carolin-shaw/,2026-04-09
https://rodenlaw.com/tag/extreme-anger/,2026-04-09
https://rodenlaw.com/tag/compensation-after-car-crash/,2026-04-09
https://rodenlaw.com/tag/injury-cases/,2026-04-09
https://rodenlaw.com/tag/charleston-car-accident-attorney/,2026-04-09
https://rodenlaw.com/case-result/250000-recovery-wrongful-death/,2026-04-09
https://rodenlaw.com/tag/leg-injuries/,2026-04-09
https://rodenlaw.com/tag/personal-injury-lawsuit/,2026-04-09
https://rodenlaw.com/tag/road-rage/,2026-04-09
https://rodenlaw.com/case-result/100000-resolution-auto-accident-3/,2026-04-09
https://rodenlaw.com/case-result/75000-recovery-truck-accident/,2026-04-09
https://rodenlaw.com/car-accidents-on-i-26-in-north-charleston/,2026-04-09
https://rodenlaw.com/blog-what-happens-to-workers-comp-if-employer-bankrupts/,2026-04-09
https://rodenlaw.com/blog-punitive-damages-in-drunk-driving-accident/,2026-04-09
https://rodenlaw.com/blog-filing-a-claim-for-an-injured-minor/,2026-04-09
https://rodenlaw.com/west-ashley-vs-downtown-charleston-driving-risks/,2026-04-09
https://rodenlaw.com/blog-child-passenger-automobile-safety-georgia/,2026-04-09
https://rodenlaw.com/locations/south-carolina/charleston/goose-creek/devon-forest/,2026-04-09
https://rodenlaw.com/blog-expert-witness-testimony/,2026-04-09
https://rodenlaw.com/jones-act-claims-south-carolina-maritime-worker-rights/,2026-04-09
https://rodenlaw.com/blog/blog-importance-of-eyewitness-testimony/,2026-04-09
https://rodenlaw.com/blog/blog-charleston-reckless-driving-crash/,2026-04-09
https://rodenlaw.com/blog/blog-why-wont-a-personal-lawyer-take-my-case/,2026-04-09
https://rodenlaw.com/tag/seat-belt-syndrome/,2026-04-09
https://rodenlaw.com/tag/soft-tissue-injuries/,2026-04-09
https://rodenlaw.com/blog-taxes-on-car-crash-settlement-in-georgia/,2026-04-09
https://rodenlaw.com/tag/back-injuries/,2026-04-09
https://rodenlaw.com/how-pain-and-suffering-is-calculated-after-an-accident-in-south-carolina/,2026-04-09
https://rodenlaw.com/blog-nursing-home-liability/,2026-04-09
https://rodenlaw.com/blog-signs-of-concussion-from-car-crash/,2026-04-09
https://rodenlaw.com/ben-sawyer-boulevard-bridge-accidents-sullivans-island/,2026-04-09
https://rodenlaw.com/tag/t-bone-crash-damage/,2026-04-09
https://rodenlaw.com/tag/what-it-means-to-mitigate-damages/,2026-04-09
https://rodenlaw.com/case-result/1700000-settlement-brain-injury/,2026-04-09
https://rodenlaw.com/blog-steps-to-take-if-you-are-involved-in-a-bicycle-hit-and-run/,2026-04-09
https://rodenlaw.com/blog/blog-informed-consent/,2026-04-09
https://rodenlaw.com/liability-for-crashes-caused-by-not-using-turn-signal/,2026-04-09
https://rodenlaw.com/blog/blog-answering-insurance-questions-after-crash/,2026-04-09
https://rodenlaw.com/tag/back-injury/,2026-04-09
https://rodenlaw.com/rivers-avenue-pedestrian-deaths-north-charleston/,2026-04-09
https://rodenlaw.com/staff/haley-yokeley/,2026-04-09
https://rodenlaw.com/calculating-pain-and-suffering-after-a-charleston-pedestrian-accident/,2026-04-09
https://rodenlaw.com/tag/charleston-car-crash-lawyer/,2026-04-09
https://rodenlaw.com/car-accidents-on-coleman-boulevard/,2026-04-09
https://rodenlaw.com/blog/blog-free-consultation-with-charleston-personal-injury-lawyer/,2026-04-09
https://rodenlaw.com/blog/blog-how-to-handle-calls-from-insurance-companies/,2026-04-09
https://rodenlaw.com/blog-how-to-handle-calls-from-insurance-companies/,2026-04-09
https://rodenlaw.com/blog/blog-why-should-i-hire-an-accident-lawyer-after-an-accident/,2026-04-09
https://rodenlaw.com/blog-how-do-i-know-if-i-have-a-medical-malpractice-case/,2026-04-09
https://rodenlaw.com/blog-the-importance-of-gathering-evidence-after-a-motorcycle-accident/,2026-04-09
https://rodenlaw.com/blog-charleston-reckless-driving-crash/,2026-04-09
https://rodenlaw.com/blog-what-to-do-if-your-workers-compensation-claim-is-denied/,2026-04-09
https://rodenlaw.com/blog/blog-much-worth-ga-worker-compared-states/,2026-04-09
https://rodenlaw.com/i-526-expansion-construction-zone-accidents-charleston/,2026-04-09
https://rodenlaw.com/tag/legal-deadlines/,2026-04-09
https://rodenlaw.com/tag/truck-accidents/,2026-04-09
https://rodenlaw.com/tag/liability-in-a-red-light-accident/,2026-04-09
https://rodenlaw.com/blog-informed-consent/,2026-04-09
https://rodenlaw.com/blog/blog-negligence-and-18-wheeler-accidents/,2026-04-09
https://rodenlaw.com/blog/blog-four-common-construction-accidents/,2026-04-09
https://rodenlaw.com/blog-slip-and-fall-negligence-elements/,2026-04-09
https://rodenlaw.com/tag/mistakes-on-police-report/,2026-04-09
https://rodenlaw.com/tag/arguing-with-passengers/,2026-04-09
https://rodenlaw.com/charleston-tourist-injuries-premises-liability-hotels-restaurants/,2026-04-09
https://rodenlaw.com/blog-turkey-fryer-injury-claims/,2026-04-09
https://rodenlaw.com/boeing-north-charleston-workplace-injuries-workers-comp/,2026-04-09
https://rodenlaw.com/blog/blog-seven-safe-driving-tips/,2026-04-09
https://rodenlaw.com/blog/blog-drowsy-driving-epidemic-georgia/,2026-04-09
https://rodenlaw.com/blog/blog-workers-compensation-faqs/,2026-04-09
https://rodenlaw.com/blog/blog-maximum-medical-improvement-in-an-injury-claim/,2026-04-09
https://rodenlaw.com/blog/blog-steps-after-truck-accident/,2026-04-09
https://rodenlaw.com/blog/blog-road-hazard-car-accident-liability/,2026-04-09
https://rodenlaw.com/blog/blog-why-should-i-consult-a-personal-injury-lawyer-for-my-accident/,2026-04-09
https://rodenlaw.com/blog/blog-steps-take-slip-fall-accident-georgia/,2026-04-09
https://rodenlaw.com/blog/blog-is-there-a-limit-for-medical-negligence-claims/,2026-04-09
https://rodenlaw.com/blog-medical-treatment-after-accident/,2026-04-09
https://rodenlaw.com/blog-when-does-workers-compensation-stop-paying/,2026-04-09
https://rodenlaw.com/blog-how-using-social-media-can-hurt-an-accident-claim/,2026-04-09
https://rodenlaw.com/blog-savannah-ppi-attorney/,2026-04-09
https://rodenlaw.com/case-result/950000-recovery-truck-accidents/,2026-04-09
https://rodenlaw.com/tag/role-of-witnesses-in-crash-claims/,2026-04-09
https://rodenlaw.com/blog-common-driver-distractions/,2026-04-09
https://rodenlaw.com/blog-what-are-the-benefits-of-hiring-a-workers-compensation-lawyer/,2026-04-09
https://rodenlaw.com/blog/blog-steps-after-slip-and-fall-injury/,2026-04-09
https://rodenlaw.com/blog-benefits-of-an-accident-reconstruction-expert/,2026-04-09
https://rodenlaw.com/blog-contingency-fee-system/,2026-04-09
https://rodenlaw.com/blog-major-injuries-from-minor-car-accidents/,2026-04-09
https://rodenlaw.com/port-of-charleston-injury-claims-longshoremen-dock-workers/,2026-04-09
https://rodenlaw.com/blog-benefits-for-workplace-violence/,2026-04-09
https://rodenlaw.com/who-pays-for-damages-from-t-bone-crashes-in-savannah/,2026-04-09
https://rodenlaw.com/charleston-lyft-driver-ran-red-light-and-hit-my-car/,2026-04-09
https://rodenlaw.com/how-to-talk-to-your-doctor-about-your-charleston-car-accident-injuries/,2026-04-09
https://rodenlaw.com/proving-a-tourist-was-at-fault-in-your-charleston-accident/,2026-04-09
https://rodenlaw.com/blog-when-do-injury-claims-go-to-court/,2026-04-09
https://rodenlaw.com/blog-georgia-law-on-steps-after-car-accident/,2026-04-09
https://rodenlaw.com/blog-duty-of-care-personal-injury-claim/,2026-04-09
https://rodenlaw.com/tag/red-light-runner/,2026-04-09
https://rodenlaw.com/tag/jumping-a-green-light/,2026-04-09
https://rodenlaw.com/blog/blog-protect-child-dog-bite-injury/,2026-04-09
https://rodenlaw.com/blog/blog-avoiding-motorcycle-crash-injuries/,2026-04-09
https://rodenlaw.com/blog/blog-do-you-need-a-workers-compensation-lawyer/,2026-04-09
https://rodenlaw.com/case-result/300000-recovery-product-liability/,2026-04-09
https://rodenlaw.com/tag/pedestrians/,2026-04-09
https://rodenlaw.com/car-accidents-on-coleman-boulevard-in-mount-pleasant/,2026-04-09
https://rodenlaw.com/blog/blog-are-accident-lawyers-worth-it/,2026-04-09
https://rodenlaw.com/locations/south-carolina/charleston/goose-creek/,2026-04-09
https://rodenlaw.com/blog/blog-compensatory-damages-vs-punitive-damages/,2026-04-09
https://rodenlaw.com/locations/south-carolina/charleston/goose-creek/howe-hall/,2026-04-09
https://rodenlaw.com/blog/blog-what-happens-if-i-resign-while-on-workers-compensation/,2026-04-09
https://rodenlaw.com/blog/blog-dangerous-products-child-will-find-around-house/,2026-04-09
https://rodenlaw.com/blog/blog-driving-record-and-injury-claim/,2026-04-09
https://rodenlaw.com/blog/blog-workers-comp-benefits-georgia-taxable/,2026-04-09
https://rodenlaw.com/case-result/100000-recovery-animal-attack/,2026-04-09
https://rodenlaw.com/tag/not-reporting-a-car-crash/,2026-04-09
https://rodenlaw.com/locations/south-carolina/charleston/hanahan/,2026-04-09
https://rodenlaw.com/blog/blog-georgia-law-on-tailgating-accident-liability/,2026-04-09
https://rodenlaw.com/blog/blog-lane-change-accident-liability/,2026-04-08
https://rodenlaw.com/blog/blog-georgia-comparative-negligence-law/,2026-04-08
https://rodenlaw.com/locations/south-carolina/charleston/summerville/summers-corner/,2026-04-08
https://rodenlaw.com/tag/rural-car-crashes/,2026-04-08
https://rodenlaw.com/tag/charleston-slip-and-fall-cases/,2026-04-08
https://rodenlaw.com/practice-areas/brunswick/personal-injury-lawyer/,2026-04-08
https://rodenlaw.com/blog/blog-liability-for-accidents-with-borrowed-vehicles/,2026-04-08
https://rodenlaw.com/case-result/250000-policy-limits-dui-accident/,2026-04-08
https://rodenlaw.com/tag/seeking-medical-attention/,2026-04-08
https://rodenlaw.com/class-action/troubled-teen-industry-abuse/,2026-04-08
https://rodenlaw.com/dog-bite-laws-south-carolina-charleston/,2026-04-08
https://rodenlaw.com/tag/legal-obligations-of-witnesses/,2026-04-08
https://rodenlaw.com/blog/blog-workers-compensation-benefit-types/,2026-04-08
https://rodenlaw.com/blog/blog-negligence-vs-gross-negligence/,2026-04-08
https://rodenlaw.com/goose-creek-car-accidents-military-traffic-us-52/,2026-04-08
https://rodenlaw.com/tag/legal-options/,2026-04-08
https://rodenlaw.com/king-calhoun-intersection-car-collisions/,2026-04-08
https://rodenlaw.com/blog/blog-blind-spot-accidents/,2026-04-08
https://rodenlaw.com/blog/blog-georgia-worker-injury-statistics-prevention/,2026-04-08
https://rodenlaw.com/tag/savannah-blunt-force-trauma-injuries/,2026-04-08
https://rodenlaw.com/carriage-tour-accidents-downtown-charleston-liability/,2026-04-08
https://rodenlaw.com/practice-areas/charleston/medical-malpractice-attorney/,2026-04-08
https://rodenlaw.com/blog-how-long-can-someone-sue-you-after-a-car-accident/,2026-04-08
https://rodenlaw.com/blog-first-steps-in-a-medical-malpractice-case/,2026-04-08
https://rodenlaw.com/case-result/200000-policy-limit-auto-accident/,2026-04-08
https://rodenlaw.com/blog/blog-protecting-child-burn-injuries-home/,2026-04-08
https://rodenlaw.com/dangerous-rural-crashes-in-charleston/,2026-04-08
https://rodenlaw.com/blog/blog-steps-after-dog-bite/,2026-04-08
https://rodenlaw.com/case-result/300000-settlement-auto-accident-4/,2026-04-08
https://rodenlaw.com/practice-areas/brunswick/burn-injury-lawyers/,2026-04-08
https://rodenlaw.com/locations/south-carolina/charleston/summerville/,2026-04-08
https://rodenlaw.com/tag/delayed-injuries/,2026-04-08
https://rodenlaw.com/tag/crashes-that-cause-blunt-force-trauma/,2026-04-08
https://rodenlaw.com/blog-college-campus-safety-tips-every-student-should-know/,2026-04-08
https://rodenlaw.com/blog-steps-after-hit-and-run-accident/,2026-04-08
https://rodenlaw.com/blog/blog-car-insurance-claim-denial-tactics/,2026-04-08
https://rodenlaw.com/tag/savannah-car-crash-injuries/,2026-04-08
https://rodenlaw.com/tag/witness-rights-in-savannah/,2026-04-08
https://rodenlaw.com/a-pedestrians-guide-to-proving-negligence-in-charleston-parking-lots/,2026-04-08
https://rodenlaw.com/blog-teenagers-and-driving-distracted/,2026-04-08
https://rodenlaw.com/blog/blog-how-loud-music-increases-crash-risk-charleston/,2026-04-08
https://rodenlaw.com/tag/driving-with-loud-music/,2026-04-08
https://rodenlaw.com/tag/knee-injuries/,2026-04-08
https://rodenlaw.com/your-guide-to-recovering-lost-wages-after-a-charleston-car-accident/,2026-04-08
https://rodenlaw.com/blog-dog-bite-prevention-tips/,2026-04-08
https://rodenlaw.com/case-result/650000-recovery-truck-accidents-2/,2026-04-08
https://rodenlaw.com/case-result/200000-resolution-auto-accident/,2026-04-08
https://rodenlaw.com/tag/medical-evidence/,2026-04-08
https://rodenlaw.com/blog-am-i-eligible-for-workers-compensation/,2026-04-08
https://rodenlaw.com/your-first-steps-after-a-truck-accident-in-downtown-columbia-sc/,2026-04-08
https://rodenlaw.com/charleston/,2026-04-08
https://rodenlaw.com/blog-can-a-car-accident-lawyer-help-with-claiming-insurance-benefits/,2026-04-08
https://rodenlaw.com/blog/blog-truck-accident-reconstruction/,2026-04-08
https://rodenlaw.com/daniel-island-accidents-event-traffic-golf-carts/,2026-04-08
https://rodenlaw.com/blog/blog-why-is-having-a-personal-injury-lawyer-important/,2026-04-08
https://rodenlaw.com/blog/blog-tips-for-choosing-a-motor-vehicle-accident-attorney/,2026-04-08
https://rodenlaw.com/blog-personal-injury-calculating-loss-of-earning-capacity/,2026-04-08
https://rodenlaw.com/blog/blog-punitive-damages-in-drunk-driving-accident/,2026-04-08
https://rodenlaw.com/tag/soft-tissue-injury-claims-attorneys/,2026-04-08
https://rodenlaw.com/class-action/paraquat-lawsuit/,2026-04-08
https://rodenlaw.com/tag/charleston-lyft-driver/,2026-04-08
https://rodenlaw.com/your-guide-to-rideshare-accidents-in-downtown-charleston/,2026-04-08
https://rodenlaw.com/highway-41-accidents-mount-pleasant-development/,2026-04-08
https://rodenlaw.com/blog-much-worth-ga-worker-compared-states/,2026-04-08
https://rodenlaw.com/locations/south-carolina/charleston/north-charleston/charleston-heights/,2026-04-08
https://rodenlaw.com/risk-of-refusing-medical-care-after-car-crash-charleston/,2026-04-08
https://rodenlaw.com/blog/blog-questions-about-filing-a-lawsuit/,2026-04-08
https://rodenlaw.com/blog-animal-accident-insurance-coverage/,2026-04-08
https://rodenlaw.com/case-result/150000-recovery-truck-accident/,2026-04-08
https://rodenlaw.com/tag/hip-fracture/,2026-04-08
https://rodenlaw.com/tag/driver-errors-that-trigger-rollover-crashes/,2026-04-08
https://rodenlaw.com/staff/christina-butkus/,2026-04-08
https://rodenlaw.com/tag/car-scene-evidence/,2026-04-08
https://rodenlaw.com/tag/brake-failure/,2026-04-08
https://rodenlaw.com/tag/chest-pain-after-car-accident/,2026-04-08
https://rodenlaw.com/tag/truck-drivers/,2026-04-08
https://rodenlaw.com/blog-what-are-the-benefits-of-workers-compensation-claims/,2026-04-08
https://rodenlaw.com/blog-help-teen-safer-driver/,2026-04-08
https://rodenlaw.com/blog-workers-compensation-benefit-types/,2026-04-08
https://rodenlaw.com/blog-what-if-i-suspect-medical-malpractice/,2026-04-08
https://rodenlaw.com/blog-does-worker-compensation-cover-employee-negligence/,2026-04-08
https://rodenlaw.com/blog/blog-what-are-the-benefits-of-hiring-a-workers-compensation-lawyer/,2026-04-08
https://rodenlaw.com/blog/blog-driving-tips-around-trucks/,2026-04-08
https://rodenlaw.com/blog/blog-how-using-social-media-can-hurt-an-accident-claim/,2026-04-08
https://rodenlaw.com/blog/blog-why-injury-claims-may-be-delayed/,2026-04-08
https://rodenlaw.com/tag/slip-and-fall-accidents/,2026-04-08
https://rodenlaw.com/car-accidents-ladson-i-26-exit-203-danger-zone/,2026-04-08
https://rodenlaw.com/tag/head-on-crash-in-savannah/,2026-04-08
https://rodenlaw.com/blog/blog-commercial-truck-accidents-who-is-at-fault/,2026-04-08
https://rodenlaw.com/tag/government-at-fault/,2026-04-08
https://rodenlaw.com/blog/blog-am-i-eligible-for-workers-compensation/,2026-04-08
https://rodenlaw.com/blog-avoiding-motorcycle-crash-injuries/,2026-04-08
https://rodenlaw.com/blog-workers-compensation-2017/,2026-04-08
https://rodenlaw.com/tag/slip-and-fall-injury/,2026-04-08
https://rodenlaw.com/tag/backing-up-crashes/,2026-04-08
https://rodenlaw.com/blog-car-accidents-and-daylight-savings-time/,2026-04-08
https://rodenlaw.com/blog-proving-negligence-personal-injury/,2026-04-08
https://rodenlaw.com/blog/blog-beginning-motorcycle-biker-risks/,2026-04-08
https://rodenlaw.com/locations/south-carolina/charleston/summerville/sangaree/,2026-04-08
https://rodenlaw.com/locations/south-carolina/charleston/goose-creek/carnes-crossroads/,2026-04-08
https://rodenlaw.com/tag/bicycles/,2026-04-08
https://rodenlaw.com/tag/car-accident-crash/,2026-04-08
https://rodenlaw.com/tag/savannah-car-crash-reporrts/,2026-04-08
https://rodenlaw.com/blog-using-dashcams-as-evidence-of-fault-in-a-car-accident/,2026-04-08
https://rodenlaw.com/blog-protecting-child-burn-injuries-home/,2026-04-08
https://rodenlaw.com/tag/how-passengers-cause-crashes/,2026-04-08
https://rodenlaw.com/blog/blog-what-if-i-suspect-medical-malpractice/,2026-04-08
https://rodenlaw.com/blog/blog-personal-injury-lawsuit-steps/,2026-04-08
https://rodenlaw.com/blog/blog-boating-safely-in-georgia/,2026-04-08
https://rodenlaw.com/blog/blog-when-do-injury-claims-go-to-court/,2026-04-08
https://rodenlaw.com/blog/blog-fault-vs-no-fault-car-insurance/,2026-04-08
https://rodenlaw.com/tag/blind-spot-car-accident/,2026-04-08
https://rodenlaw.com/tag/parking-lot-accident/,2026-04-08
https://rodenlaw.com/case-result/142000-recovery-truck-accident/,2026-04-08
https://rodenlaw.com/blog-why-wont-a-personal-lawyer-take-my-case/,2026-04-08
https://rodenlaw.com/blog-blind-spot-accidents/,2026-04-08
https://rodenlaw.com/legal-rights-after-memory-loss-savannah-crash/,2026-04-08
https://rodenlaw.com/golf-cart-accidents-charleston-island-resort-communities/,2026-04-08
https://rodenlaw.com/locations/south-carolina/charleston/goose-creek/westchester/,2026-04-08
https://rodenlaw.com/locations/south-carolina/charleston/goose-creek/boulder-bluff/,2026-04-08
https://rodenlaw.com/locations/south-carolina/charleston/north-charleston/park-circle/,2026-04-08
https://rodenlaw.com/locations/south-carolina/charleston/goose-creek/crowfield-plantation/,2026-04-08
https://rodenlaw.com/blog/blog-dog-bite-prevention-tips/,2026-04-08
https://rodenlaw.com/case-result/600000-settlement-auto-accident-2/,2026-04-08
https://rodenlaw.com/blog/blog-7-mistakes-to-avoid-after-a-motorcycle-accident/,2026-04-08
https://rodenlaw.com/blog/blog-mediation-for-a-personal-injury-claim/,2026-04-08
https://rodenlaw.com/blog/blog-using-uninsured-underinsured-motorist-coverage-in-georgia/,2026-04-08
https://rodenlaw.com/blog/blog-settle-workers-comp-case/,2026-04-08
https://rodenlaw.com/tag/side-impact-collision/,2026-04-08
https://rodenlaw.com/tag/georgia-police-report/,2026-04-08
https://rodenlaw.com/tag/savannah-head-on-collision/,2026-04-08
https://rodenlaw.com/tag/personal-injury-lawyer/,2026-04-08
https://rodenlaw.com/tag/white-line-fever/,2026-04-08
https://rodenlaw.com/folly-road-car-accidents-james-island-charleston/,2026-04-08
https://rodenlaw.com/tag/drunk-driving/,2026-04-08
https://rodenlaw.com/blog-avoiding-bicycle-accidents/,2026-04-08
https://rodenlaw.com/how-long-personal-injury-case-charleston-sc/,2026-04-08
https://rodenlaw.com/blog/blog-how-do-i-know-if-i-have-a-personal-injury-case/,2026-04-08
https://rodenlaw.com/blog/blog-paying-medical-bills-during-a-claim/,2026-04-08
https://rodenlaw.com/blog/blog-passenger-car-accident-claim/,2026-04-08
https://rodenlaw.com/tag/leg-injuries-from-car-accidents/,2026-04-08
https://rodenlaw.com/tag/delayed-pain/,2026-04-08
https://rodenlaw.com/case-result/355000-settlement-auto-accident/,2026-04-08
https://rodenlaw.com/case-result/140000-settlement-auto-accident-2/,2026-04-08
https://rodenlaw.com/blog-tips-for-choosing-a-motor-vehicle-accident-attorney/,2026-04-08
https://rodenlaw.com/blog-how-loud-music-increases-crash-risk-charleston/,2026-04-08
https://rodenlaw.com/proving-pain-and-suffering-after-an-ashley-river-road-accident/,2026-04-08
https://rodenlaw.com/blog-drunk-pedestrian-injury-claims/,2026-04-08
https://rodenlaw.com/blog-filing-medication-error-lawsuit/,2026-04-08
https://rodenlaw.com/blog-valuing-compensation-for-a-personal-injury/,2026-04-08
https://rodenlaw.com/blog/blog-does-workers-compensation-cover-prescriptions/,2026-04-08
https://rodenlaw.com/blog/blog-proving-negligence-personal-injury/,2026-04-08
https://rodenlaw.com/blog/blog-choosing-the-right-nursing-home-for-your-loved-one/,2026-04-08
https://rodenlaw.com/blog/request-your-free-case-review-today-main_phone_number/,2026-04-08
https://rodenlaw.com/blog/blog-taxes-on-car-crash-settlement-in-georgia/,2026-04-08
https://rodenlaw.com/proving-your-pain-after-a-charleston-car-accident/,2026-04-08
https://rodenlaw.com/tag/object-in-the-road/,2026-04-08
https://rodenlaw.com/tag/t-bone-crashes-in-georgia/,2026-04-08
https://rodenlaw.com/tag/zoning-out/,2026-04-08
https://rodenlaw.com/blog-safe-bike-riding-georgias-roadways/,2026-04-08
https://rodenlaw.com/blog-steps-after-slip-and-fall-injury/,2026-04-08
https://rodenlaw.com/ashley-phosphate-road-i-26-dangerous-intersection-charleston/,2026-04-08
https://rodenlaw.com/tag/tbis-from-collisions/,2026-04-08
https://rodenlaw.com/blog/blog-when-should-you-hire-an-attorney-after-being-in-an-accident/,2026-04-08
https://rodenlaw.com/blog-should-i-file-a-personal-injury-or-a-workers-compensation-claim/,2026-04-08
https://rodenlaw.com/blog/blog-car-accidents-and-daylight-savings-time/,2026-04-08
https://rodenlaw.com/tag/failure-to-signal-car-accidents/,2026-04-08
https://rodenlaw.com/tag/contingency-fee-basis/,2026-04-08
https://rodenlaw.com/blog-four-common-construction-accidents/,2026-04-08
https://rodenlaw.com/blog-what-is-the-role-of-a-personal-injury-lawyer-in-a-case/,2026-04-08
https://rodenlaw.com/south-carolina-comparative-fault-partially-at-fault/,2026-04-08
https://rodenlaw.com/blog/blog-georgia-super-speeder-law/,2026-04-08
https://rodenlaw.com/georgia-pedestrian-right-of-way-laws/,2026-04-08
https://rodenlaw.com/blog/blog-georgia-car-seat-law-overview/,2026-04-08
https://rodenlaw.com/blog/blog-savannah-ppi-attorney/,2026-04-08
https://rodenlaw.com/blog/blog-how-can-an-attorney-help-with-my-car-accident-claim/,2026-04-08
https://rodenlaw.com/locations/south-carolina/charleston/summerville/historic-district/,2026-04-08
https://rodenlaw.com/blog/blog-summer-driving-safety-tips/,2026-04-08
https://rodenlaw.com/blog/blog-third-party-liability-for-work-injury/,2026-04-08
https://rodenlaw.com/blog/blog-steps-after-work-injury/,2026-04-08
https://rodenlaw.com/tag/ended-up-going-wrong-way/,2026-04-08
https://rodenlaw.com/blog-is-workers-compensation-an-employee-benefit/,2026-04-08
https://rodenlaw.com/blog/blog-high-risk-occupations-2017/,2026-04-08
https://rodenlaw.com/tag/lyft-driver-hit-my-car/,2026-04-08
https://rodenlaw.com/how-pain-and-suffering-is-calculated-after-an-accident-in-georgia/,2026-04-08
https://rodenlaw.com/blog-when-should-you-hire-an-attorney-after-being-in-an-accident/,2026-04-08
https://rodenlaw.com/pedestrian-accidents-musc-charleston-medical-district/,2026-04-08
https://rodenlaw.com/blog/blog-changing-workers-comp-doctors-in-georgia/,2026-04-08
https://rodenlaw.com/class-action-category/dangerous-drugs/,2026-04-08
https://rodenlaw.com/tag/savannah-car-accident/,2026-04-08
https://rodenlaw.com/case-result/100000-settlement-nursing-home/,2026-04-08
https://rodenlaw.com/blog/blog-claims-against-at-fault-drivers-who-died/,2026-04-08
https://rodenlaw.com/tag/broadside-crashes/,2026-04-08
https://rodenlaw.com/tag/car-crash-eye-injury/,2026-04-08
https://rodenlaw.com/case-result/100000-recovery-auto-accident/,2026-04-08
https://rodenlaw.com/tag/long-drives/,2026-04-08
https://rodenlaw.com/blog-answering-insurance-questions-after-crash/,2026-04-08
https://rodenlaw.com/blog-benefits-of-hiring-personal-injury-lawyer/,2026-04-08
https://rodenlaw.com/emergency-room-errors-charleston-misdiagnosis-malpractice/,2026-04-08
https://rodenlaw.com/blog/blog-lawsuit-for-work-injury/,2026-04-08
https://rodenlaw.com/tag/suing-after-lyft-driver/,2026-04-08
https://rodenlaw.com/blog/blog-animal-accident-insurance-coverage/,2026-04-08
https://rodenlaw.com/blog/blog-longshoreman-injury-claims/,2026-04-08
https://rodenlaw.com/blog/blog-nursing-home-liability/,2026-04-08
https://rodenlaw.com/tag/how-to-mitigate-your-crash-damages/,2026-04-08
https://rodenlaw.com/tag/passenger-duty-of-care/,2026-04-08
https://rodenlaw.com/tag/legal-consequences-of-accepting-cash/,2026-04-08
https://rodenlaw.com/are-red-light-runners-always-liable-if-they-crash/,2026-04-08
https://rodenlaw.com/blog-steps-take-slip-fall-accident-georgia/,2026-04-08
https://rodenlaw.com/lower-king-street-pedestrian-safety/,2026-04-08
https://rodenlaw.com/blog-workers-compensation-car-accident/,2026-04-08
https://rodenlaw.com/seeking-justice-after-a-fatigued-trucker-accident-on-i-26/,2026-04-08
https://rodenlaw.com/blog-workers-comp-for-carpal-tunnel-syndrome/,2026-04-08
https://rodenlaw.com/blog-boating-safely-in-georgia/,2026-04-08
https://rodenlaw.com/boating-accidents-charleston-harbor-legal-rights/,2026-04-08
https://rodenlaw.com/charleston-medical-malpractice-hospital-claim-south-carolina/,2026-04-08
https://rodenlaw.com/blog-insurance-company-ignoring-demand-letter/,2026-04-08
https://rodenlaw.com/locations/south-carolina/charleston/goose-creek/brickhope-plantation/,2026-04-08
https://rodenlaw.com/liability-for-crash-due-to-tire-blowout-in-savannah/,2026-04-08
https://rodenlaw.com/blog-high-risk-occupations-2017/,2026-04-08
https://rodenlaw.com/blog-protect-child-dog-bite-injury/,2026-04-08
https://rodenlaw.com/tag/chemical-burns/,2026-04-08
https://rodenlaw.com/blog-accident-my-fault-can-i-receive-workers-comp/,2026-04-08
https://rodenlaw.com/blog/blog-liability-for-school-bus-crash/,2026-04-08
https://rodenlaw.com/blog/blog-how-long-can-a-person-stay-on-workers-compensation/,2026-04-08
https://rodenlaw.com/tag/truck-edr/,2026-04-08
https://rodenlaw.com/blog-dealing-with-uber-lyft-accident/,2026-04-08
https://rodenlaw.com/blog/blog-summer-road-trip-safety/,2026-04-08
https://rodenlaw.com/blog/blog-get-auto-accident-claim-georgia/,2026-04-08
https://rodenlaw.com/case-result/200000-recovery-workers-compensation/,2026-04-08
https://rodenlaw.com/blog/blog-contingency-fee-system/,2026-04-08
https://rodenlaw.com/tag/compensation-for-facial-injuries/,2026-04-08
https://rodenlaw.com/tag/fatigued-after-a-car-crash/,2026-04-08
https://rodenlaw.com/tag/meniscus-tear/,2026-04-08
https://rodenlaw.com/blog/blog-qualifications-for-car-accident-witnesses/,2026-04-08
https://rodenlaw.com/blog-damage-coverage-for-stolen-car/,2026-04-08
https://rodenlaw.com/blog-workers-comp-for-skin-cancer/,2026-04-08
https://rodenlaw.com/blog/blog-georgia-wrongful-death-lawsuit/,2026-04-08
https://rodenlaw.com/blog/blog-benefit-of-a-personal-injury-pain-diary/,2026-04-08
https://rodenlaw.com/case-result/400000-settlement-premises-liability/,2026-04-08
https://rodenlaw.com/tag/torn-ligament/,2026-04-08
https://rodenlaw.com/blog/blog-help-teen-safer-driver/,2026-04-08
https://rodenlaw.com/blog/blog-workers-compensation-2017/,2026-04-08
https://rodenlaw.com/blog-why-injury-claims-may-be-delayed/,2026-04-08
https://rodenlaw.com/nursing-home-abuse-charleston-signs-families/,2026-04-08
https://rodenlaw.com/tag/fixing-police-report-errors/,2026-04-08
https://rodenlaw.com/military-base-accidents-joint-base-charleston-rights/,2026-04-08
https://rodenlaw.com/blog/blog-filing-medication-error-lawsuit/,2026-04-08
https://rodenlaw.com/blog/blog-nursing-home-abuse-warning-signs/,2026-04-08
https://rodenlaw.com/tag/back-pain/,2026-04-08
https://rodenlaw.com/blog-why-is-workers-compensation-so-important-to-have/,2026-04-08
https://rodenlaw.com/blog/blog-start-personal-injury-claim-from-home/,2026-04-08
https://rodenlaw.com/blog-summer-road-trip-safety/,2026-04-08
https://rodenlaw.com/tag/report-after-car-crash/,2026-04-08
https://rodenlaw.com/blog/blog-value-of-pain-and-suffering/,2026-04-08
https://rodenlaw.com/staff/hillary-burris/,2026-04-08
https://rodenlaw.com/tag/limited-mobility/,2026-04-08
https://rodenlaw.com/blog/blog-safety-tips-driving-work-zones-georgia/,2026-04-08
https://rodenlaw.com/tag/fatal-car-accidents/,2026-04-08
https://rodenlaw.com/blog/blog-workers-comp-medical-coverage/,2026-04-08
https://rodenlaw.com/blog/blog-major-injuries-from-minor-car-accidents/,2026-04-08
https://rodenlaw.com/blog-workers-comp-medical-coverage/,2026-04-08
https://rodenlaw.com/tag/driving-to-the-hospital/,2026-04-08
https://rodenlaw.com/blog/blog-determining-fault-in-multi-vehicle-accidents/,2026-04-08
https://rodenlaw.com/blog/blog-expert-witness-testimony/,2026-04-08
https://rodenlaw.com/tag/slip-and-fall-victims/,2026-04-08
https://rodenlaw.com/tag/charleston-rideshare-car-accident/,2026-04-08
https://rodenlaw.com/tag/rollover-crashes-in-savannah/,2026-04-08
https://rodenlaw.com/blog/blog-choosing-your-personal-injury-lawyer/,2026-04-08
https://rodenlaw.com/tactics-insurers-use-to-deny-crash-claims-charleston/,2026-04-08
https://rodenlaw.com/locations/south-carolina/charleston/north-charleston/oak-terrace-preserve/,2026-04-08
https://rodenlaw.com/blog-why-should-i-consult-a-personal-injury-lawyer-for-my-accident/,2026-04-08
https://rodenlaw.com/locations/south-carolina/charleston/summerville/cane-bay/,2026-04-08
https://rodenlaw.com/locations/south-carolina/charleston/north-charleston/chicora-cherokee/,2026-04-08
https://rodenlaw.com/locations/south-carolina/charleston/goose-creek/liberty-hall-plantation/,2026-04-08
https://rodenlaw.com/tag/lost-control/,2026-04-08
https://rodenlaw.com/tag/head-injuries-from-car-crashes/,2026-04-08
https://rodenlaw.com/blog-i-was-in-a-car-accident-should-i-pursue-a-personal-injury-claim/,2026-04-08
https://rodenlaw.com/tag/legal-action/,2026-04-08
https://rodenlaw.com/tag/drowsy-driving/,2026-04-08
https://rodenlaw.com/class-action-category/defective-medical-devices/,2026-04-08
https://rodenlaw.com/blog-safe-driving-in-construction-zones/,2026-04-08
https://rodenlaw.com/tag/car-crash-claim/,2026-04-08
https://rodenlaw.com/tag/georgia-car-accident-lawyers/,2026-04-08
https://rodenlaw.com/blog-7-mistakes-to-avoid-after-a-motorcycle-accident/,2026-04-08
https://rodenlaw.com/blog/blog-can-a-car-accident-lawyer-help-with-claiming-insurance-benefits/,2026-04-08
https://rodenlaw.com/charleston-historic-sidewalk-slip-fall-city-liable/,2026-04-08
https://rodenlaw.com/18-wheeler-wrecks-on-the-arthur-ravenel-jr-bridge-us-17/,2026-04-08
https://rodenlaw.com/tag/punctured-lung/,2026-04-08
https://rodenlaw.com/blog-mediation-for-a-personal-injury-claim/,2026-04-08
https://rodenlaw.com/blog-questions-about-filing-a-lawsuit/,2026-04-08
https://rodenlaw.com/blog-settle-workers-comp-case/,2026-04-08
https://rodenlaw.com/blog/blog-what-are-the-upsides-of-filing-a-personal-injury-lawsuit/,2026-04-08
https://rodenlaw.com/liability-in-head-on-collisions-savannah-ga/,2026-04-08
https://rodenlaw.com/blog/blog-traffic-tickets-and-car-accident-claims/,2026-04-08
https://rodenlaw.com/blog/blog-avoid-dangerous-medication-errors/,2026-04-08
https://rodenlaw.com/tag/savannah-car-accident-lawyer/,2026-04-08
https://rodenlaw.com/blog/blog-avoiding-bicycle-accidents/,2026-04-08
https://rodenlaw.com/tag/doctors-appointments/,2026-04-08
https://rodenlaw.com/thank-you-ppc-2/,2026-04-08
https://rodenlaw.com/blog/blog-calculating-compensation-for-whiplash-injuries/,2026-04-08
https://rodenlaw.com/case-result/1300000-settlement-auto-accident/,2026-04-08
https://rodenlaw.com/tag/hip-injury/,2026-04-08
https://rodenlaw.com/tag/charleston-personal-injury-case/,2026-04-08
https://rodenlaw.com/blog/blog-how-long-can-someone-sue-you-after-a-car-accident/,2026-04-08
https://rodenlaw.com/tag/charleston-statute-of-limitation/,2026-04-08
https://rodenlaw.com/blog-importance-of-eyewitness-testimony/,2026-04-08
https://rodenlaw.com/blog-safest-hospitals-georgia/,2026-04-08
https://rodenlaw.com/blog/blog-dui-accidents/,2026-04-08
https://rodenlaw.com/blog-is-there-a-limit-for-medical-negligence-claims/,2026-04-08
https://rodenlaw.com/jet-ski-personal-watercraft-accidents-charleston/,2026-04-08
https://rodenlaw.com/blog-georgia-wrongful-death-lawsuit/,2026-04-08
https://rodenlaw.com/blog/blog-pedestrian-safety-georgia/,2026-04-08
https://rodenlaw.com/blog/blog-social-media-personal-injury-claim/,2026-04-08
https://rodenlaw.com/blog/blog-roadway-hazard-auto-accident/,2026-04-08
https://rodenlaw.com/tag/charleston-car-accident/,2026-04-08
https://rodenlaw.com/tag/knee-injuries-caused-by-a-car-crash/,2026-04-08
https://rodenlaw.com/blog-roadway-hazard-auto-accident/,2026-04-08
https://rodenlaw.com/blog-police-report-as-proof-of-liability/,2026-04-08
https://rodenlaw.com/blog-when-is-the-right-time-to-hire-a-personal-injury-lawyer/,2026-04-08
https://rodenlaw.com/blog/blog-drunk-pedestrian-injury-claims/,2026-04-08
https://rodenlaw.com/case-result/2969/,2026-04-08
https://rodenlaw.com/class-action-lawyers/defective-products/roundup-lawsuit/,2026-04-08
https://rodenlaw.com/knee-injuries-after-georgia-car-crash/,2026-04-08
https://rodenlaw.com/blog-workers-compensation-faqs/,2026-04-08
https://rodenlaw.com/tag/failure-to-yield/,2026-04-08
https://rodenlaw.com/blog/blog-workers-comp-for-skin-cancer/,2026-04-08
https://rodenlaw.com/how-to-maximize-your-car-accident-compensation-in-georgia/,2026-04-08
https://rodenlaw.com/tag/leg-fracture/,2026-04-08
https://rodenlaw.com/tag/dangerous-highway-crashes/,2026-04-08
https://rodenlaw.com/locations/south-carolina/charleston/summerville/wescott/,2026-04-08
https://rodenlaw.com/tag/road-hazards/,2026-04-08
https://rodenlaw.com/tag/charleston-personal-injury/,2026-04-08
https://rodenlaw.com/maybank-highway-car-accidents-johns-island/,2026-04-08
https://rodenlaw.com/blog-georgia-worker-injury-statistics-prevention/,2026-04-08
https://rodenlaw.com/case-result/900000-settlement-workers-compensation/,2026-04-08
https://rodenlaw.com/tag/wrong-way-crash/,2026-04-08
https://rodenlaw.com/tag/car-accident-in-georgia/,2026-04-08
https://rodenlaw.com/tag/refusing-medical-treatment/,2026-04-07
https://rodenlaw.com/blog-personal-injury-lawsuit-steps/,2026-04-07
https://rodenlaw.com/blog/blog-truck-accident-liability/,2026-04-07
https://rodenlaw.com/tag/blowing-through-a-light/,2026-04-07
https://rodenlaw.com/blog/blog-discovery-process-in-personal-injury-cases/,2026-04-07
https://rodenlaw.com/blog/blog-brain-injury-claim/,2026-04-07
https://rodenlaw.com/personal-injury-claim-charleston-berkeley-dorchester-county/,2026-04-07
https://rodenlaw.com/a-practical-guide-after-a-truck-accident-in-downtown-columbia/,2026-04-07
https://rodenlaw.com/testimonial/charles-constant/,2026-04-07
https://rodenlaw.com/who-we-are/attorneys/joshua-dorminy/,2026-04-07
https://rodenlaw.com/practice-areas/truck-accident-lawyers/drunk-driver-accident/,2026-04-07
https://rodenlaw.com/who-we-are/attorneys/graeham-c-gillin/,2026-04-07
https://rodenlaw.com/blog/is-there-a-limit-for-medical-negligence-claims/,2026-04-06
https://rodenlaw.com/blog/legal-help-shoulder-injuries-after-charleston-car-crash/,2026-04-06
https://rodenlaw.com/practice-areas/brunswick/slip-and-fall-lawyer/,2026-04-06
https://rodenlaw.com/staff/maddie-dowling/,2026-04-06
https://rodenlaw.com/staff/kelli-threm/,2026-04-06
https://rodenlaw.com/class-action-lawyers/defective-medical-devices/stryker-hip-implant-lawsuit/,2026-04-05
https://rodenlaw.com/class-action-lawyers/dangerous-drugs/truvada-lawsuit/,2026-04-05
https://rodenlaw.com/brunswick/practice-areas/,2026-04-05
https://rodenlaw.com/attorney/ivy/,2026-04-05
https://rodenlaw.com/practice-areas/macon/spinal-cord-injury-lawyers/,2026-04-05
https://rodenlaw.com/practice-areas/savannah/medical-malpractice-attorneys/dental-negligence/,2026-04-04
https://rodenlaw.com/blog/south-carolina-truck-crash-evidence-eld-dashcam-spoliation/,2026-04-03
https://rodenlaw.com/darien-brunswick-dangerous-roads-i95-us17/,2026-04-03
https://rodenlaw.com/practice-areas/savannah/truck-accident-lawyers/,2026-04-03
https://rodenlaw.com/blog/south-carolina-golf-cart-laws/,2026-04-03
https://rodenlaw.com/attorney/who-we-are-attorneys-eric-roden/,2026-04-03
https://rodenlaw.com/blog/south-carolina-car-accident-settlement-amounts/,2026-04-03
https://rodenlaw.com/attorneys/stephanie-aguirre/,2026-04-02
https://rodenlaw.com/practice-areas/charleston/personal-injury-lawyer/,2026-04-02
https://rodenlaw.com/case-result/515000-settlement-auto-accident/,2026-04-02
https://rodenlaw.com/practice-areas/savannah/medical-malpractice-attorneys/cosmetic-surgery/,2026-04-02
https://rodenlaw.com/blog/how-to-get-your-charleston-police-accident-report/,2026-04-01
https://rodenlaw.com/liability-for-brake-checking-crashes-charleston/,2026-04-01
https://rodenlaw.com/practice-areas/savannah/personal-injury-lawyers/,2026-04-01
https://rodenlaw.com/blog-rear-end-collision-liability/,2026-04-01
https://rodenlaw.com/blog/blog-understanding-eye-injuries-after-a-savannah-car-accident/,2026-04-01
https://rodenlaw.com/class-action/ozempic-lawsuits/,2026-04-01
https://rodenlaw.com/blog-car-insurance-add-ons/,2026-04-01
https://rodenlaw.com/blog-fault-vs-no-fault-car-insurance/,2026-04-01
https://rodenlaw.com/blog-nursing-home-abuse-warning-signs/,2026-04-01
https://rodenlaw.com/blog-liability-for-crashes-caused-by-teen-drivers/,2026-04-01
https://rodenlaw.com/blog-georgia-law-on-tailgating-accident-liability/,2026-04-01
https://rodenlaw.com/your-step-by-step-guide-after-a-downtown-columbia-truck-accident/,2026-04-01
https://rodenlaw.com/practice-areas/brunswick/motorcycle-accident-lawyers/,2026-04-01
https://rodenlaw.com/blog-options-for-denied-injury-claims/,2026-04-01
https://rodenlaw.com/blog/blog-does-worker-compensation-cover-employee-negligence/,2026-04-01
https://rodenlaw.com/blog,2026-03-31
https://rodenlaw.com/attorneys/logan-wiggins/,2026-03-31
https://rodenlaw.com/tag/failure-to-signal-crashes/,2026-03-31
https://rodenlaw.com/charleston-car-crash-brain-injuries/,2026-03-31
https://rodenlaw.com/blog-how-do-i-know-if-i-have-a-personal-injury-case/,2026-03-31
https://rodenlaw.com/accepting-a-cash-offer-after-savannah-car-crash/,2026-03-31
https://rodenlaw.com/locations/south-carolina/charleston/north-charleston/olde-north-charleston/,2026-03-31
https://rodenlaw.com/blog/blog-medical-treatment-after-accident/,2026-03-31
https://rodenlaw.com/tag/arguing-over-the-phone/,2026-03-31
https://rodenlaw.com/case-result/300000-settlement-auto-accident-3/,2026-03-30
https://rodenlaw.com/blog-using-uninsured-underinsured-motorist-coverage-in-georgia/,2026-03-30
https://rodenlaw.com/blog-workers-comp-benefits-georgia-taxable/,2026-03-30
https://rodenlaw.com/blog/blog-benefits-of-hiring-personal-injury-lawyer/,2026-03-30
https://rodenlaw.com/blog/blog-documents-for-personal-injury-claim/,2026-03-30
https://rodenlaw.com/blog-liability-for-accidents-with-borrowed-vehicles/,2026-03-30
https://rodenlaw.com/tag/blood-alcohol-concentration/,2026-03-30
https://rodenlaw.com/case-result/275000-settlement-auto-accident/,2026-03-30
https://rodenlaw.com/tag/hungover-symptoms/,2026-03-30
https://rodenlaw.com/blog/blog-how-covid-19-affects-a-workers-comp-claim/,2026-03-29
https://rodenlaw.com/case-result/565000-settlement-truck-accidents/,2026-03-29
https://rodenlaw.com/blog-does-workers-compensation-cover-prescriptions/,2026-03-29
https://rodenlaw.com/blog-accident-claims-with-an-expired-license/,2026-03-29
https://rodenlaw.com/tag/drivers-who-fail-to-signal/,2026-03-29
https://rodenlaw.com/savannah-dangerous-highways-i16-i95-abercorn/,2026-03-29
https://rodenlaw.com/blog/blog-when-is-the-right-time-to-hire-a-personal-injury-lawyer/,2026-03-29
https://rodenlaw.com/class-actions/,2026-03-29
https://rodenlaw.com/who-we-are/attorneys/nolan-alexander/,2026-03-29
https://rodenlaw.com/practice-areas/charleston/burn-injury-lawyers/,2026-03-29
https://rodenlaw.com/construction-worker-injuries-charleston-sc-rights/,2026-03-28
https://rodenlaw.com/tag/charleston-car-accident-claim/,2026-03-28
https://rodenlaw.com/practice-areas/savannah/construction-accident-lawyers/,2026-03-28
https://rodenlaw.com/practice-areas/savannah/workers-compensation-lawyers/,2026-03-28
https://rodenlaw.com/blog-how-long-can-a-person-stay-on-workers-compensation/,2026-03-28
https://rodenlaw.com/who-is-at-fault-in-a-charleston-merge-accident/,2026-03-28
https://rodenlaw.com/practice-areas/personal-injury-lawyers/,2026-03-27
https://rodenlaw.com/practice-ares/savannah/savannah-slip-and-fall-accidents/,2026-03-27
https://rodenlaw.com/practice-areas/savannah/nursing-home-abuse-attorneys/malnutrition-and-dehydration/,2026-03-27
https://rodenlaw.com/testimonial/ricky-h/,2026-03-27
https://rodenlaw.com/blog/accidents-near-musc-and-calhoun-street/,2026-03-27
https://rodenlaw.com/case-result/600000-recovery-truck-accidents/,2026-03-27
https://rodenlaw.com/blog/blog-can-an-insurance-company-go-against-a-police-report/,2026-03-27
https://rodenlaw.com/class-action/talcum-powder/,2026-03-27
https://rodenlaw.com/who-we-are/attorneys/leah-crane/,2026-03-27
https://www.rodenlaw.com/blog/?refPageViewId=5cf1daa873e49b5a,2026-03-26
https://rodenlaw.com/albany/wrongful-death-lawyers/,2026-03-26
https://rodenlaw.com/tag/long-term-injuries/,2026-03-26
https://rodenlaw.com/?page_id=1894,2026-03-26
https://rodenlaw.com/tag/short-term-memory-loss-after-a-car-accident/,2026-03-26
https://rodenlaw.com/who-we-are/attorneys/kiley-reidy/,2026-03-26
https://rodenlaw.com/blog-road-hazard-car-accident-liability/,2026-03-26
https://rodenlaw.com/who-we-are/attorneys/ja-moore/,2026-03-26
https://rodenlaw.com/practice-areas/albany/workers-compensation-lawyer/,2026-03-26
https://rodenlaw.com/blog-maximum-medical-improvement-in-an-injury-claim/,2026-03-25
https://rodenlaw.com/myrtle-beach-dangerous-roads-intersections/,2026-03-25
https://rodenlaw.com/attorneys/megan-socha/,2026-03-25
https://rodenlaw.com/savannah/dog-bite-lawyers/,2026-03-24
https://rodenlaw.com/practice-areas/slip-and-fall-attorneys/,2026-03-24
https://rodenlaw.com/?page_id=3126,2026-03-24
https://rodenlaw.com/determining-liability-for-crash-at-four-way-stop-sign/,2026-03-24
https://rodenlaw.com/blog/blog-what-to-do-when-you-are-in-a-car-accident/,2026-03-24
https://rodenlaw.com/blog-what-to-do-when-you-are-in-a-car-accident/,2026-03-24
https://rodenlaw.com/practice-areas/savannah/wrongful-death-lawyers/georgia-punitive-damages-lawyer/,2026-03-24
https://rodenlaw.com/practice-areas/savannah/medical-malpractice-attorneys/psychiatric-negligence/,2026-03-24
https://rodenlaw.com/category/lost-wages-support/,2026-03-24
https://rodenlaw.com/who-we-are/,2026-03-24
https://rodenlaw.com/class-action-lawyers/defective-medical-devices/ivc-blood-clot-filter-lawsuit/,2026-03-24
https://rodenlaw.com/uturn-crash-liability-in-charleston/,2026-03-24
https://rodenlaw.com/practice-areas/albany/personal-injury-lawyers/,2026-03-24
https://rodenlaw.com/tag/eye-injuries/,2026-03-23
https://rodenlaw.com/case-result/250000-settlement-premises-liability-3/,2026-03-22
https://rodenlaw.com/locations/south-carolina/columbia/gaston/,2026-03-22
https://rodenlaw.com/locations/south-carolina/myrtle-beach/aynor/,2026-03-22
https://rodenlaw.com/?post_type=practice-area&p=1556,2026-03-22
https://rodenlaw.com/?post_type=practice-area&p=1571,2026-03-22
https://rodenlaw.com/?post_type=practice-area&p=1581,2026-03-22
https://rodenlaw.com/?post_type=practice-area&p=1601,2026-03-22
https://rodenlaw.com/?post_type=practice-area&p=1613,2026-03-22
https://rodenlaw.com/?post_type=practice-area&p=1631,2026-03-22
https://rodenlaw.com/?post_type=practice-area&p=1521,2026-03-22
https://rodenlaw.com/?post_type=practice-area&p=1546,2026-03-22
https://rodenlaw.com/?post_type=practice-area&p=1554,2026-03-22
https://rodenlaw.com/?post_type=practice-area&p=1564,2026-03-22
https://rodenlaw.com/?post_type=practice-area&p=1573,2026-03-22
https://rodenlaw.com/?post_type=practice-area&p=1575,2026-03-22
https://rodenlaw.com/?post_type=practice-area&p=1586,2026-03-22
https://rodenlaw.com/?post_type=practice-area&p=1608,2026-03-22
https://rodenlaw.com/?post_type=practice-area&p=1620,2026-03-22
https://rodenlaw.com/?post_type=practice-area&p=1625,2026-03-22
https://rodenlaw.com/?post_type=practice-area&p=1630,2026-03-22
https://rodenlaw.com/?post_type=practice-area&p=1638,2026-03-22
https://rodenlaw.com/locations/south-carolina/myrtle-beach/pawleys-island/,2026-03-22
https://rodenlaw.com/practice-areas/brunswick/wrongful-death-lawyers/,2026-03-22
https://rodenlaw.com/blog-calculating-compensation-for-whiplash-injuries/,2026-03-21
https://rodenlaw.com/practice-areas/savannah/medical-malpractice-attorneys/ob-gyn-negligence/,2026-03-21
https://rodenlaw.com/blog-liability-for-epilepsy-related-car-accidents/,2026-03-20
https://rodenlaw.com/class-action-lawyers/dangerous-drugs/,2026-03-20
https://rodenlaw.com/savannah/coronavirus-business-claims/,2026-03-20
https://www.rodenlaw.com/savannah/coronavirus-business-claims/,2026-03-20
https://rodenlaw.com/brunswick/dog-bite-lawyers/,2026-03-19
https://rodenlaw.com/practice-areas/savannah/slip-and-fall-attorneys/premises-liability/,2026-03-18
https://rodenlaw.com/practice-areas/charleston/slip-and-fall-lawyer/,2026-03-18
https://rodenlaw.com/why-mitigate-damages-after-a-car-crash/,2026-03-17
https://rodenlaw.com/attorneys/zoe-link/,2026-03-17
https://rodenlaw.com/attorneys/haley-yokeley/,2026-03-17
https://rodenlaw.com/attorneys/marina-baldwin/,2026-03-17
https://rodenlaw.com/attorneys/maddie-dowling/,2026-03-17
https://rodenlaw.com/practice-areas/macon/workers-compensation-lawyers/,2026-03-17
https://rodenlaw.com/locations/south-carolina/murrells-inlet/,2026-03-17
http://rodenlaw.com/es/,2026-03-17
https://rodenlaw.com/practice-areas/charleston/workers-compensation-lawyer/,2026-03-17
https://rodenlaw.com/attorneys/hillary-burris/,2026-03-17
https://rodenlaw.com/attorney/leah-crane/,2026-03-17
https://rodenlaw.com/practice-area/car-accident-lawyer/,2026-03-17
https://rodenlaw.com/practice-areas/albany/boating-accident-lawyers/,2026-03-16
https://rodenlaw.com/blog-impact-of-surgery-recommendation/,2026-03-16
https://rodenlaw.com/wearing-headphones-while-driving-in-charleston/,2026-03-16
https://rodenlaw.com/practice-areas/brunswick/dog-bite-lawyers/,2026-03-16
https://rodenlaw.com/practice-area/spinal-cord-injury-lawyer/,2026-03-16
https://rodenlaw.com/blog-claims-against-at-fault-drivers-who-died/,2026-03-16
https://rodenlaw.com/practice-areas/brunswick/workers-compensation-attorney/,2026-03-15
https://rodenlaw.com/practice-areas/brunswick/brain-injury-lawyers/,2026-03-15
https://rodenlaw.com/blog-independent-medical-exams/,2026-03-15
https://www.rodenlaw.com/?ver=4.8.2,2026-03-13
http://rodenlaw.com/es,2026-03-13
https://rodenlaw.com/practice-areas/charleston/car-accident-lawyers/,2026-03-13
https://rodenlaw.com/blog/page/1/,2026-03-12
https://rodenlaw.com/blog/category/car-accident/page/1/,2026-03-12
https://rodenlaw.com/practice-areas/savannah/nursing-home-abuse-attorneys/bedsores/,2026-03-11
https://rodenlaw.com/practice-areas/brunswick/car-accident-lawyer/,2026-03-11
https://rodenlaw.com/practice-areas/albany/wrongful-death-lawyers/,2026-03-10
https://rodenlaw.com/practice-areas/savannah/car-accident-lawyers/georgia-pip-insurance/,2026-03-10
https://rodenlaw.com/practice-areas/macon/wrongful-death-lawyers/,2026-03-10
https://rodenlaw.com/practice-areas/savannah/boating-accident-lawyers/,2026-03-10
https://rodenlaw.com/attorney/zach-stohr/,2026-03-10
https://rodenlaw.com/blog-recovering-damages-with-pre-existing-injuries/,2026-03-10
https://rodenlaw.com/practice-areas/savannah/brain-injury-lawyers/,2026-03-09
https://rodenlaw.com/practice-areas/macon/car-accident-lawyers/,2026-03-09
https://rodenlaw.com/practice-areas/macon/motorcycle-accident-lawyers/,2026-03-09
https://rodenlaw.com/blog-steps-of-a-burn-injury-case/,2026-03-09
https://rodenlaw.com/feeling-fatigued-after-charleston-car-accident/,2026-03-08
https://rodenlaw.com/rollover-crashes-and-what-they-do-to-your-body/,2026-03-08
https://rodenlaw.com/blog-certification-of-permanent-injury/,2026-03-08
https://rodenlaw.com/legal-rights-if-hit-by-driver-in-company-car-charleston/,2026-03-07
https://rodenlaw.com/why-are-highway-road-shoulder-accidents-in-charleston-dangerous/,2026-03-07
https://rodenlaw.com/charleston-parking-lot-car-accident-liability/,2026-03-06
https://rodenlaw.com/brunswick/personal-injury-lawyer/?refPageViewId=60db5ebb5134f581,2026-03-06